TSE COD,TSE MUNICIPIO,IBGE COD,IBGE MUNICIPIO
61000,EUCLIDES DA CUNHA PAULISTA,3515350,Euclides da Cunha Paulista
61018,ADAMANTINA,3500105,Adamantina
61026,BOREBI,3507456,Borebi
61034,ADOLFO,3500204,Adolfo
61042,TARUMÃ,3553955,Tarumã
61050,AGUAÍ,3500303,Aguaí
61069,MOTUCA,3532058,Motuca
61077,ÁGUAS DA PRATA,3500402,Águas da Prata
61085,IARAS,3519253,Iaras
61093,ÁGUAS DE LINDÓIA,3500501,Águas de Lindóia
61107,GUATAPARÁ,3518859,Guatapará
61115,ÁGUAS DE SÃO PEDRO,3500600,Águas de São Pedro
61123,DIRCE REIS,3513850,Dirce Reis
61131,AGUDOS,3500709,Agudos
61140,ESPÍRITO SANTO DO TURVO,3515194,Espírito Santo do Turvo
61158,ALFREDO MARCONDES,3500808,Alfredo Marcondes
61166,ROSANA,3544251,Rosana
61174,ALTAIR,3500907,Altair
61182,EMBAÚBA,3514957,Embaúba
61190,ALTINÓPOLIS,3501004,Altinópolis
61204,ILHA SOLTEIRA,3520301,Iguape
61212,ALTO ALEGRE,3501103,Alto Alegre
61220,ALUMÍNIO,3501152,Alumínio
61239,ÁLVARES FLORENCE,3501202,Álvares Florence
61247,PEDRINHAS PAULISTA,3537156,Pedrinhas Paulista
61255,ÁLVARES MACHADO,3501301,Álvares Machado
61263,ARAÇARIGUAMA,3502754,Araçariguama
61271,ÁLVARO DE CARVALHO,3501400,Álvaro de Carvalho
61280,BERTIOGA,3506359,Bertioga
61298,ALVINLÂNDIA,3501509,Alvinlândia
61301,SUZANÁPOLIS,3552403,Sumaré
61310,AMERICANA,3501608,Americana
61328,SANTO ANTÔNIO DO ARACANGUÁ,3548054,Santo Antônio do Aracanguá
61336,AMÉRICO BRASILIENSE,3501707,Américo Brasiliense
61344,CANITAR,3510153,Canitar
61352,AMÉRICO DE CAMPOS,3501806,Américo de Campos
61360,BARRA DO CHAPÉU,3505351,Barra do Chapéu
61379,AMPARO,3501905,Amparo
61387,EMILIANÓPOLIS,3515129,Emilianópolis
61395,ANALÂNDIA,3502002,Analândia
61409,NOVAIS,3533403,Nova Odessa
61417,ANDRADINA,3502101,Andradina
61425,NOVA CANAÃ PAULISTA,3532843,Nova Canaã Paulista
61433,ANGATUBA,3502200,Angatuba
61441,SALTINHO,3545159,Saltinho
61450,ANHEMBI,3502309,Anhembi
61468,UBARANA,3555356,Ubarana
61476,ANHUMAS,3502408,Anhumas
61484,CAJATI,3509254,Cajati
61492,APARECIDA,3502507,Aparecida
61506,CAMPINA DO MONTE ALEGRE,3509452,Campina do Monte Alegre
61514,APARECIDA D'OESTE,3502606,Aparecida dOeste
61522,ASPÁSIA,3503950,Aspásia
61530,APIAÍ,3502705,Apiaí
61549,VARGEM,3556354,Vargem
61557,ARAÇATUBA,3502804,Araçatuba
61565,POTIM,3540754,Potim
61573,ARAÇOIABA DA SERRA,3502903,Araçoiaba da Serra
61581,ALAMBARI,3500758,Alambari
61590,ARAMINA,3503000,Aramina
61603,ITAOCA,3522158,Itaoca
61611,ARANDU,3503109,Arandu
61620,TUIUTI,3554953,Tuiuti
61638,ARARAQUARA,3503208,Araraquara
61646,ARAPEÍ,3503158,Arapeí
61654,ARARAS,3503307,Araras
61662,ESTIVA GERBI,3557303,Estiva Gerbi
61670,AREALVA,3503406,Arealva
61689,ENGENHEIRO COELHO,3515152,Engenheiro Coelho
61697,AREIAS,3503505,Areias
61700,RIBEIRÃO GRANDE,3543253,Ribeirão Grande
61719,AREIÓPOLIS,3503604,Areiópolis
61727,HORTOLÂNDIA,3519071,Hortolândia
61735,ARIRANHA,3503703,Ariranha
61743,HOLAMBRA,3519055,Holambra
61751,ARTUR NOGUEIRA,3503802,Artur Nogueira
61760,ELISIÁRIO,3514924,Elisiário
61778,ARUJÁ,3503901,Arujá
61786,BOM SUCESSO DE ITARARÉ,3507159,Bom Sucesso de Itararé
61794,ASSIS,3504008,Assis
61808,PONTALINDA,3540259,Pontalinda
61816,ATIBAIA,3504107,Atibaia
61824,PARISI,3536257,Parisi
61832,AURIFLAMA,3504206,Auriflama
61840,TAQUARIVAÍ,3553856,Taquarivaí
61859,AVAÍ,3504305,Avaí
61867,MARAPOAMA,3528858,Marapoama
61875,AVANHANDAVA,3504404,Avanhandava
61883,SÃO JOÃO DE IRACEMA,3549250,São João de Iracema
61891,AVARÉ,3504503,Avaré
61905,SÃO LOURENÇO DA SERRA,3549953,São Lourenço da Serra
61913,BADY BASSITT,3504602,Bady Bassitt
61921,ZACARIAS,3557154,Zacarias
61930,BALBINOS,3504701,Balbinos
61948,ITAPIRAPUÃ PAULISTA,3522653,Itapirapuã Paulista
61956,BÁLSAMO,3504800,Bálsamo
61964,MESÓPOLIS,3529658,Mesópolis
61972,BANANAL,3504909,Bananal
61980,NOVA CAMPINA,3532827,Nova Campina
61999,BARBOSA,3505104,Barbosa
62006,ILHA COMPRIDA,3520426,Ilha Comprida
62014,BARÃO DE ANTONINA,3505005,Barão de Antonina
62022,LOURDES,3527256,Lourdes
62030,BARIRI,3505203,Bariri
62049,TORRE DE PEDRA,3554656,Torre de Pedra
62057,BARRA BONITA,3505302,Barra Bonita
62065,ARCO-ÍRIS,3503356,Arco-Íris
62073,BARRA DO TURVO,3505401,Barra do Turvo
62081,BREJO ALEGRE,3507753,Brejo Alegre
62090,BARRETOS,3505500,Barretos
62103,CANAS,3509957,Canas
62111,BARRINHA,3505609,Barrinha
62120,PRACINHA,3540853,Pracinha
62138,BARUERI,3505708,Barueri
62146,PRATÂNIA,3541059,Pratânia
62154,BASTOS,3505807,Bastos
62162,QUADRA,3541653,Quadra
62170,BATATAIS,3505906,Batatais
62189,SANTA CRUZ DA ESPERANÇA,3546256,Santa Cruz da Esperança
62197,BAURU,3506003,Bauru
62200,SANTA SALETE,3547650,Santa Salete
62219,BEBEDOURO,3506102,Bebedouro
62227,VITÓRIA BRASIL,3556958,Vitória Brasil
62235,BENTO DE ABREU,3506201,Bento de Abreu
62243,IPIGUÁ,3521150,Ipiguá
62251,BERNARDINO DE CAMPOS,3506300,Bernardino de Campos
62260,TAQUARAL,3553658,Taquaral
62278,BILAC,3506409,Bilac
62286,FERNÃO,3515657,Fernão
62294,BIRIGUI,3506508,Birigui
62308,GAVIÃO PEIXOTO,3516853,Gavião Peixoto
62316,BIRITIBA MIRIM,3506607,Biritiba Mirim
62324,JUMIRIM,3525854,Jumirim
62332,BOA ESPERANÇA DO SUL,3506706,Boa Esperança do Sul
62340,NANTES,3532157,Nantes
62359,BOCAINA,3506805,Bocaina
62367,NOVA CASTILHO,3532868,Nova Castilho
62375,BOFETE,3506904,Bofete
62383,OUROESTE,3534757,Ouroeste
62391,BOITUVA,3507001,Boituva
62405,PAULISTÂNIA,3536570,Paulistânia
62413,BOM JESUS DOS PERDÕES,3507100,Bom Jesus dos Perdões
62421,RIBEIRÃO DOS ÍNDIOS,3543238,Ribeirão dos Índios
62430,BORÁ,3507209,Borá
62448,TRABIJU,3554755,Trabiju
62456,BORACÉIA,3507308,Boracéia
62472,BORBOREMA,3507407,Borborema
62499,BOTUCATU,3507506,Botucatu
62510,BRAGANÇA PAULISTA,3507605,Bragança Paulista
62553,BRAÚNA,3507704,Braúna
62570,BRODOWSKI,3507803,Brodowski
62596,BROTAS,3507902,Brotas
62618,BURI,3508009,Buri
62634,BURITAMA,3508108,Buritama
62650,BURITIZAL,3508207,Buritizal
62677,CABRÁLIA PAULISTA,3508306,Cabrália Paulista
62693,CABREÚVA,3508405,Cabreúva
62715,CAÇAPAVA,3508504,Caçapava
62731,CACHOEIRA PAULISTA,3508603,Cachoeira Paulista
62758,CACONDE,3508702,Caconde
62774,CAFELÂNDIA,3508801,Cafelândia
62790,CAIABU,3508900,Caiabu
62812,CAIEIRAS,3509007,Caieiras
62839,CAIUÁ,3509106,Caiuá
62855,CAJAMAR,3509205,Cajamar
62871,CAJOBI,3509304,Cajobi
62898,CAJURU,3509403,Cajuru
62910,CAMPINAS,3509502,Campinas
62936,CAMPO LIMPO PAULISTA,3509601,Campo Limpo Paulista
62952,CAMPOS DO JORDÃO,3509700,Campos do Jordão
62979,CAMPOS NOVOS PAULISTA,3509809,Campos Novos Paulista
62995,CANANÉIA,3509908,Cananéia
63010,CÂNDIDO MOTA,3510005,Cândido Mota
63037,CÂNDIDO RODRIGUES,3510104,Cândido Rodrigues
63053,CAPÃO BONITO,3510203,Capão Bonito
63070,CAPELA DO ALTO,3510302,Capela do Alto
63096,CAPIVARI,3510401,Capivari
63118,CARAGUATATUBA,3510500,Caraguatatuba
63134,CARAPICUÍBA,3510609,Carapicuíba
63150,CARDOSO,3510708,Cardoso
63177,CASA BRANCA,3510807,Casa Branca
63193,CÁSSIA DOS COQUEIROS,3510906,Cássia dos Coqueiros
63215,CASTILHO,3511003,Castilho
63231,CATANDUVA,3511102,Catanduva
63258,CATIGUÁ,3511201,Catiguá
63274,CEDRAL,3511300,Cedral
63290,CERQUEIRA CÉSAR,3511409,Cerqueira César
63312,CERQUILHO,3511508,Cerquilho
63339,CESÁRIO LANGE,3511607,Cesário Lange
63355,CHARQUEADA,3511706,Charqueada
63371,CHAVANTES,3557204,Chavantes
63398,CLEMENTINA,3511904,Clementina
63410,COLINA,3512001,Colina
63436,COLÔMBIA,3512100,Colômbia
63452,CONCHAL,3512209,Conchal
63479,CONCHAS,3512308,Conchas
63495,CORDEIRÓPOLIS,3512407,Cordeirópolis
63517,COROADOS,3512506,Coroados
63533,CORONEL MACEDO,3512605,Coronel Macedo
63550,CORUMBATAÍ,3512704,Corumbataí
63576,COSMÓPOLIS,3512803,Cosmópolis
63592,COSMORAMA,3512902,Cosmorama
63614,COTIA,3513009,Cotia
63630,CRAVINHOS,3513108,Cravinhos
63657,CRISTAIS PAULISTA,3513207,Cristais Paulista
63673,CRUZÁLIA,3513306,Cruzália
63690,CRUZEIRO,3513405,Cruzeiro
63711,CUBATÃO,3513504,Cubatão
63738,CUNHA,3513603,Cunha
63754,DESCALVADO,3513702,Descalvado
63770,DIADEMA,3513801,Diadema
63797,DIVINOLÂNDIA,3513900,Divinolândia
63819,DOBRADA,3514007,Dobrada
63835,DOIS CÓRREGOS,3514106,Dois Córregos
63851,DOLCINÓPOLIS,3514205,Dolcinópolis
63878,DOURADO,3514304,Dourado
63894,DRACENA,3514403,Dracena
63916,DUARTINA,3514502,Duartina
63932,DUMONT,3514601,Dumont
63959,ECHAPORÃ,3514700,Echaporã
63975,ELDORADO,3514809,Eldorado
63991,ELIAS FAUSTO,3514908,Elias Fausto
64017,EMBU DAS ARTES,3515004,Embu das Artes
64033,EMBU-GUAÇU,3515103,Embu-Guaçu
64050,ESTRELA D'OESTE,3515202,Estrela dOeste
64076,ESTRELA DO NORTE,3515301,Estrela do Norte
64092,FARTURA,3515400,Fartura
64114,FERNANDÓPOLIS,3515509,Fernandópolis
64130,FERNANDO PRESTES,3515608,Fernando Prestes
64157,FERRAZ DE VASCONCELOS,3515707,Ferraz de Vasconcelos
64173,FLORA RICA,3515806,Flora Rica
64190,FLOREAL,3515905,Floreal
64211,FLÓRIDA PAULISTA,3516002,Flórida Paulista
64238,FLORÍNEA,3516101,Florínea
64254,FRANCA,3516200,Franca
64270,FRANCISCO MORATO,3516309,Francisco Morato
64297,FRANCO DA ROCHA,3516408,Franco da Rocha
64319,GABRIEL MONTEIRO,3516507,Gabriel Monteiro
64335,GÁLIA,3516606,Gália
64351,GARÇA,3516705,Garça
64378,GASTÃO VIDIGAL,3516804,Gastão Vidigal
64394,GENERAL SALGADO,3516903,General Salgado
64416,GETULINA,3517000,Getulina
64432,GLICÉRIO,3517109,Glicério
64459,GUAIÇARA,3517208,Guaiçara
64475,GUAIMBÊ,3517307,Guaimbê
64491,GUAÍRA,3517406,Guaíra
64513,GUAPIAÇU,3517505,Guapiaçu
64530,GUAPIARA,3517604,Guapiara
64556,GUARÁ,3517703,Guará
64572,GUARAÇAÍ,3517802,Guaraçaí
64599,GUARACI,3517901,Guaraci
64610,GUARANI D'OESTE,3518008,Guarani dOeste
64637,GUARANTÃ,3518107,Guarantã
64653,GUARARAPES,3518206,Guararapes
64670,GUARAREMA,3518305,Guararema
64696,GUARATINGUETÁ,3518404,Guaratinguetá
64718,GUAREÍ,3518503,Guareí
64734,GUARIBA,3518602,Guariba
64750,GUARUJÁ,3518701,Guarujá
64777,GUARULHOS,3518800,Guarulhos
64793,GUZOLÂNDIA,3518909,Guzolândia
64815,HERCULÂNDIA,3519006,Herculândia
64831,IACANGA,3519105,Iacanga
64858,IACRI,3519204,Iacri
64874,IBATÉ,3519303,Ibaté
64890,IBIRÁ,3519402,Ibirá
64912,IBIRAREMA,3519501,Ibirarema
64939,IBITINGA,3519600,Ibitinga
64955,IBIÚNA,3519709,Ibiúna
64971,ICÉM,3519808,Icém
64998,IEPÊ,3519907,Iepê
65013,IGARAÇU DO TIETÊ,3520004,Igaraçu do Tietê
65030,IGARAPAVA,3520103,Igarapava
65056,IGARATÁ,3520202,Igaratá
65072,IGUAPE,3520301,Iguape
65099,ILHABELA,3520400,Ilhabela
65110,INDAIATUBA,3520509,Indaiatuba
65137,INDIANA,3520608,Indiana
65153,INDIAPORÃ,3520707,Indiaporã
65170,INÚBIA PAULISTA,3520806,Inúbia Paulista
65196,IPAUSSU,3520905,Ipaussu
65218,IPERÓ,3521002,Iperó
65234,IPEÚNA,3521101,Ipeúna
65250,IPORANGA,3521200,Iporanga
65277,IPUÃ,3521309,Ipuã
65293,IRACEMÁPOLIS,3521408,Iracemápolis
65315,IRAPUÃ,3521507,Irapuã
65331,IRAPURU,3521606,Irapuru
65358,ITABERÁ,3521705,Itaberá
65374,ITAÍ,3521804,Itaí
65390,ITAJOBI,3521903,Itajobi
65412,ITAJU,3522000,Itaju
65439,ITANHAÉM,3522109,Itanhaém
65455,ITAPECERICA DA SERRA,3522208,Itapecerica da Serra
65471,ITAPETININGA,3522307,Itapetininga
65498,ITAPEVA,3522406,Itapeva
65510,ITAPEVI,3522505,Itapevi
65536,ITAPIRA,3522604,Itapira
65552,ITÁPOLIS,3522703,Itápolis
65579,ITAPORANGA,3522802,Itaporanga
65595,ITAPUÍ,3522901,Itapuí
65617,ITAPURA,3523008,Itapura
65633,ITAQUAQUECETUBA,3523107,Itaquaquecetuba
65650,ITARARÉ,3523206,Itararé
65676,ITARIRI,3523305,Itariri
65692,ITATIBA,3523404,Itatiba
65714,ITATINGA,3523503,Itatinga
65730,ITIRAPINA,3523602,Itirapina
65757,ITIRAPUÃ,3523701,Itirapuã
65773,ITOBI,3523800,Itobi
65790,ITU,3523909,Itu
65811,ITUPEVA,3524006,Itupeva
65838,ITUVERAVA,3524105,Ituverava
65854,JABORANDI,3524204,Jaborandi
65870,JABOTICABAL,3524303,Jaboticabal
65897,JACAREÍ,3524402,Jacareí
65919,JACI,3524501,Jaci
65935,JACUPIRANGA,3524600,Jacupiranga
65951,JAGUARIÚNA,3524709,Jaguariúna
65978,JALES,3524808,Jales
65994,JAMBEIRO,3524907,Jambeiro
66010,JANDIRA,3525003,Jandira
66036,JARDINÓPOLIS,3525102,Jardinópolis
66052,JARINU,3525201,Jarinu
66079,JAÚ,3525300,Jaú
66095,JERIQUARA,3525409,Jeriquara
66117,JOANÓPOLIS,3525508,Joanópolis
66133,JOÃO RAMALHO,3525607,João Ramalho
66150,JOSÉ BONIFÁCIO,3525706,José Bonifácio
66176,JÚLIO MESQUITA,3525805,Júlio Mesquita
66192,JUNDIAÍ,3525904,Jundiaí
66214,JUNQUEIRÓPOLIS,3526001,Junqueirópolis
66230,JUQUIÁ,3526100,Juquiá
66257,JUQUITIBA,3526209,Juquitiba
66273,LAGOINHA,3526308,Lagoinha
66290,LARANJAL PAULISTA,3526407,Laranjal Paulista
66311,LAVÍNIA,3526506,Lavínia
66338,LAVRINHAS,3526605,Lavrinhas
66354,LEME,3526704,Leme
66370,LENÇÓIS PAULISTA,3526803,Lençóis Paulista
66397,LIMEIRA,3526902,Limeira
66419,LINDÓIA,3527009,Lindóia
66435,LINS,3527108,Lins
66451,LORENA,3527207,Lorena
66478,LOUVEIRA,3527306,Louveira
66494,LUCÉLIA,3527405,Lucélia
66516,LUCIANÓPOLIS,3527504,Lucianópolis
66532,LUÍS ANTÔNIO,3527603,Luís Antônio
66559,LUIZIÂNIA,3527702,Luiziânia
66575,LUPÉRCIO,3527801,Lupércio
66591,LUTÉCIA,3527900,Lutécia
66613,MACATUBA,3528007,Macatuba
66630,MACAUBAL,3528106,Macaubal
66656,MACEDÔNIA,3528205,Macedônia
66672,MAGDA,3528304,Magda
66699,MAIRINQUE,3528403,Mairinque
66710,MAIRIPORÃ,3528502,Mairiporã
66737,MANDURI,3528601,Manduri
66753,MARABÁ PAULISTA,3528700,Marabá Paulista
66770,MARACAÍ,3528809,Maracaí
66796,MARIÁPOLIS,3528908,Mariápolis
66818,MARÍLIA,3529005,Marília
66834,MARINÓPOLIS,3529104,Marinópolis
66850,MARTINÓPOLIS,3529203,Martinópolis
66877,MATÃO,3529302,Matão
66893,MAUÁ,3529401,Mauá
66915,MENDONÇA,3529500,Mendonça
66931,MERIDIANO,3529609,Meridiano
66958,MIGUELÓPOLIS,3529708,Miguelópolis
66974,MINEIROS DO TIETÊ,3529807,Mineiros do Tietê
66990,MIRACATU,3529906,Miracatu
67016,MIRA ESTRELA,3530003,Mira Estrela
67032,MIRANDÓPOLIS,3530102,Mirandópolis
67059,MIRANTE DO PARANAPANEMA,3530201,Mirante do Paranapanema
67075,MIRASSOL,3530300,Mirassol
67091,MIRASSOLÂNDIA,3530409,Mirassolândia
67113,MOCOCA,3530508,Mococa
67130,MOGI DAS CRUZES,3530607,Mogi das Cruzes
67156,MOGI GUAÇU,3530706,Mogi Guaçu
67172,MOGI MIRIM,3530805,Mogi Mirim
67199,MOMBUCA,3530904,Mombuca
67210,MONÇÕES,3531001,Monções
67237,MONGAGUÁ,3531100,Mongaguá
67253,MONTE ALEGRE DO SUL,3531209,Monte Alegre do Sul
67270,MONTE ALTO,3531308,Monte Alto
67296,MONTE APRAZÍVEL,3531407,Monte Aprazível
67318,MONTE AZUL PAULISTA,3531506,Monte Azul Paulista
67334,MONTE CASTELO,3531605,Monte Castelo
67350,MONTEIRO LOBATO,3531704,Monteiro Lobato
67377,MONTE MOR,3531803,Monte Mor
67393,MORRO AGUDO,3531902,Morro Agudo
67415,MORUNGABA,3532009,Morungaba
67431,MURUTINGA DO SUL,3532108,Murutinga do Sul
67458,NARANDIBA,3532207,Narandiba
67474,NATIVIDADE DA SERRA,3532306,Natividade da Serra
67490,NAZARÉ PAULISTA,3532405,Nazaré Paulista
67512,NEVES PAULISTA,3532504,Neves Paulista
67539,NHANDEARA,3532603,Nhandeara
67555,NIPOÃ,3532702,Nipoã
67571,NOVA ALIANÇA,3532801,Nova Aliança
67598,NOVA EUROPA,3532900,Nova Europa
67610,NOVA GRANADA,3533007,Nova Granada
67636,NOVA GUATAPORANGA,3533106,Nova Guataporanga
67652,NOVA INDEPENDÊNCIA,3533205,Nova Independência
67679,NOVA LUZITÂNIA,3533304,Nova Luzitânia
67695,NOVA ODESSA,3533403,Nova Odessa
67717,NOVO HORIZONTE,3533502,Novo Horizonte
67733,NUPORANGA,3533601,Nuporanga
67750,OCAUÇU,3533700,Ocauçu
67776,ÓLEO,3533809,Óleo
67792,OLÍMPIA,3533908,Olímpia
67814,ONDA VERDE,3534005,Onda Verde
67830,ORIENTE,3534104,Oriente
67857,ORINDIÚVA,3534203,Orindiúva
67873,ORLÂNDIA,3534302,Orlândia
67890,OSASCO,3534401,Osasco
67911,OSCAR BRESSANE,3534500,Oscar Bressane
67938,OSVALDO CRUZ,3534609,Osvaldo Cruz
67954,OURINHOS,3534708,Ourinhos
67970,OURO VERDE,3534807,Ouro Verde
67997,PACAEMBU,3534906,Pacaembu
68012,PALESTINA,3535002,Palestina
68039,PALMARES PAULISTA,3535101,Palmares Paulista
68055,PALMEIRA D'OESTE,3535200,Palmeira dOeste
68071,PALMITAL,3535309,Palmital
68098,PANORAMA,3535408,Panorama
68110,PARAGUAÇU PAULISTA,3535507,Paraguaçu Paulista
68136,PARAIBUNA,3535606,Paraibuna
68152,PARAÍSO,3535705,Paraíso
68179,PARANAPANEMA,3535804,Paranapanema
68195,PARANAPUÃ,3535903,Paranapuã
68217,PARAPUÃ,3536000,Parapuã
68233,PARDINHO,3536109,Pardinho
68250,PARIQUERA-AÇU,3536208,Pariquera-Açu
68276,PATROCÍNIO PAULISTA,3536307,Patrocínio Paulista
68292,PAULICÉIA,3536406,Paulicéia
68314,PAULÍNIA,3536505,Paulínia
68330,PAULO DE FARIA,3536604,Paulo de Faria
68357,PEDERNEIRAS,3536703,Pederneiras
68373,PEDRA BELA,3536802,Pedra Bela
68390,PEDRANÓPOLIS,3536901,Pedranópolis
68411,PEDREGULHO,3537008,Pedregulho
68438,PEDREIRA,3537107,Pedreira
68454,PEDRO DE TOLEDO,3537206,Pedro de Toledo
68470,PENÁPOLIS,3537305,Penápolis
68497,PEREIRA BARRETO,3537404,Pereira Barreto
68519,PEREIRAS,3537503,Pereiras
68535,PERUÍBE,3537602,Peruíbe
68551,PIACATU,3537701,Piacatu
68578,PIEDADE,3537800,Piedade
68594,PILAR DO SUL,3537909,Pilar do Sul
68616,PINDAMONHANGABA,3538006,Pindamonhangaba
68632,PINDORAMA,3538105,Pindorama
68659,ESPÍRITO SANTO DO PINHAL,3515186,Espírito Santo do Pinhal
68675,PINHALZINHO,3538204,Pinhalzinho
68691,PIQUEROBI,3538303,Piquerobi
68713,PIQUETE,3538501,Piquete
68730,PIRACAIA,3538600,Piracaia
68756,PIRACICABA,3538709,Piracicaba
68772,PIRAJU,3538808,Piraju
68799,PIRAJUÍ,3538907,Pirajuí
68810,PIRANGI,3539004,Pirangi
68837,PIRAPORA DO BOM JESUS,3539103,Pirapora do Bom Jesus
68853,PIRAPOZINHO,3539202,Pirapozinho
68870,PIRASSUNUNGA,3539301,Pirassununga
68896,PIRATININGA,3539400,Piratininga
68918,PITANGUEIRAS,3539509,Pitangueiras
68934,PLANALTO,3539608,Planalto
68950,PLATINA,3539707,Platina
68977,POÁ,3539806,Poá
68993,POLONI,3539905,Poloni
69019,POMPÉIA,3540002,Pompéia
69035,PONGAÍ,3540101,Pongaí
69051,PONTAL,3540200,Pontal
69078,PONTES GESTAL,3540309,Pontes Gestal
69094,POPULINA,3540408,Populina
69116,PORANGABA,3540507,Porangaba
69132,PORTO FELIZ,3540606,Porto Feliz
69159,PORTO FERREIRA,3540705,Porto Ferreira
69175,POTIRENDABA,3540804,Potirendaba
69191,PRADÓPOLIS,3540903,Pradópolis
69213,PRAIA GRANDE,3541000,Praia Grande
69230,PRESIDENTE ALVES,3541109,Presidente Alves
69256,PRESIDENTE BERNARDES,3541208,Presidente Bernardes
69272,PRESIDENTE EPITÁCIO,3541307,Presidente Epitácio
69299,PRESIDENTE PRUDENTE,3541406,Presidente Prudente
69310,PRESIDENTE VENCESLAU,3541505,Presidente Venceslau
69337,PROMISSÃO,3541604,Promissão
69353,QUATÁ,3541703,Quatá
69370,QUEIROZ,3541802,Queiroz
69396,QUELUZ,3541901,Queluz
69418,QUINTANA,3542008,Quintana
69434,RAFARD,3542107,Rafard
69450,RANCHARIA,3542206,Rancharia
69477,REDENÇÃO DA SERRA,3542305,Redenção da Serra
69493,REGENTE FEIJÓ,3542404,Regente Feijó
69515,REGINÓPOLIS,3542503,Reginópolis
69531,REGISTRO,3542602,Registro
69558,RESTINGA,3542701,Restinga
69574,RIBEIRA,3542800,Ribeira
69590,RIBEIRÃO BONITO,3542909,Ribeirão Bonito
69612,RIBEIRÃO BRANCO,3543006,Ribeirão Branco
69639,RIBEIRÃO CORRENTE,3543105,Ribeirão Corrente
69655,RIBEIRÃO DO SUL,3543204,Ribeirão do Sul
69671,RIBEIRÃO PIRES,3543303,Ribeirão Pires
69698,RIBEIRÃO PRETO,3543402,Ribeirão Preto
69710,RIVERSUL,3543501,Riversul
69736,RIFAINA,3543600,Rifaina
69752,RINCÃO,3543709,Rincão
69779,RINÓPOLIS,3543808,Rinópolis
69795,RIO CLARO,3543907,Rio Claro
69817,RIO DAS PEDRAS,3544004,Rio das Pedras
69833,RIO GRANDE DA SERRA,3544103,Rio Grande da Serra
69850,RIOLÂNDIA,3544202,Riolândia
69876,ROSEIRA,3544301,Roseira
69892,RUBIÁCEA,3544400,Rubiácea
69914,RUBINÉIA,3544509,Rubinéia
69930,SABINO,3544608,Sabino
69957,SAGRES,3544707,Sagres
69973,SALES,3544806,Sales
69990,SALES OLIVEIRA,3544905,Sales Oliveira
70017,SALESÓPOLIS,3545001,Salesópolis
70033,SALMOURÃO,3545100,Salmourão
70050,SALTO,3545209,Salto
70076,SALTO DE PIRAPORA,3545308,Salto de Pirapora
70092,SALTO GRANDE,3545407,Salto Grande
70114,SANDOVALINA,3545506,Sandovalina
70130,SANTA ADÉLIA,3545605,Santa Adélia
70157,SANTA ALBERTINA,3545704,Santa Albertina
70173,SANTA BÁRBARA D'OESTE,3545803,Santa Bárbara dOeste
70190,ÁGUAS DE SANTA BÁRBARA,3500550,Águas de Santa Bárbara
70211,SANTA BRANCA,3546009,Santa Branca
70238,SANTA CLARA D'OESTE,3546108,Santa Clara dOeste
70254,SANTA CRUZ DA CONCEIÇÃO,3546207,Santa Cruz da Conceição
70270,SANTA CRUZ DAS PALMEIRAS,3546306,Santa Cruz das Palmeiras
70297,SANTA CRUZ DO RIO PARDO,3546405,Santa Cruz do Rio Pardo
70319,SANTA ERNESTINA,3546504,Santa Ernestina
70335,SANTA FÉ DO SUL,3546603,Santa Fé do Sul
70351,SANTA GERTRUDES,3546702,Santa Gertrudes
70378,SANTA ISABEL,3546801,Santa Isabel
70394,SANTA LÚCIA,3546900,Santa Lúcia
70416,SANTA MARIA DA SERRA,3547007,Santa Maria da Serra
70432,SANTA MERCEDES,3547106,Santa Mercedes
70459,SANTANA DA PONTE PENSA,3547205,Santana da Ponte Pensa
70475,SANTANA DE PARNAÍBA,3547304,Santana de Parnaíba
70491,SANTA RITA D'OESTE,3547403,Santa Rita dOeste
70513,SANTA RITA DO PASSA QUATRO,3547502,Santa Rita do Passa Quatro
70530,SANTA ROSA DE VITERBO,3547601,Santa Rosa de Viterbo
70556,SANTO ANASTÁCIO,3547700,Santo Anastácio
70572,SANTO ANDRÉ,3547809,Santo André
70599,SANTO ANTÔNIO DA ALEGRIA,3547908,Santo Antônio da Alegria
70610,SANTO ANTÔNIO DE POSSE,3548005,Santo Antônio de Posse
70637,SANTO ANTÔNIO DO JARDIM,3548104,Santo Antônio do Jardim
70653,SANTO ANTÔNIO DO PINHAL,3548203,Santo Antônio do Pinhal
70670,SANTO EXPEDITO,3548302,Santo Expedito
70696,SANTÓPOLIS DO AGUAPEÍ,3548401,Santópolis do Aguapeí
70718,SANTOS,3548500,Santos
70734,SÃO BENTO DO SAPUCAÍ,3548609,São Bento do Sapucaí
70750,SÃO BERNARDO DO CAMPO,3548708,São Bernardo do Campo
70777,SÃO CAETANO DO SUL,3548807,São Caetano do Sul
70793,SÃO CARLOS,3548906,São Carlos
70815,SÃO FRANCISCO,3549003,São Francisco
70831,SÃO JOÃO DA BOA VISTA,3549102,São João da Boa Vista
70858,SÃO JOÃO DAS DUAS PONTES,3549201,São João das Duas Pontes
70874,SÃO JOÃO DO PAU D'ALHO,3549300,São João do Pau dAlho
70890,SÃO JOAQUIM DA BARRA,3549409,São Joaquim da Barra
70912,SÃO JOSÉ DA BELA VISTA,3549508,São José da Bela Vista
70939,SÃO JOSÉ DO BARREIRO,3549607,São José do Barreiro
70955,SÃO JOSÉ DO RIO PARDO,3549706,São José do Rio Pardo
70971,SÃO JOSÉ DO RIO PRETO,3549805,São José do Rio Preto
70998,SÃO JOSÉ DOS CAMPOS,3549904,São José dos Campos
71013,SÃO LUÍS DO PARAITINGA,3550001,São Luiz do Paraitinga
71030,SÃO MANUEL,3550100,São Manuel
71056,SÃO MIGUEL ARCANJO,3550209,São Miguel Arcanjo
71072,SÃO PAULO,3550308,São Paulo
71099,SÃO PEDRO,3550407,São Pedro
71110,SÃO PEDRO DO TURVO,3550506,São Pedro do Turvo
71137,SÃO ROQUE,3550605,São Roque
71153,SÃO SEBASTIÃO,3550704,São Sebastião
71170,SÃO SEBASTIÃO DA GRAMA,3550803,São Sebastião da Grama
71196,SÃO SIMÃO,3550902,São Simão
71218,SÃO VICENTE,3551009,São Vicente
71234,SARAPUÍ,3551108,Sarapuí
71250,SARUTAIÁ,3551207,Sarutaiá
71277,SEBASTIANÓPOLIS DO SUL,3551306,Sebastianópolis do Sul
71293,SERRA AZUL,3551405,Serra Azul
71315,SERRANA,3551504,Serrana
71331,SERRA NEGRA,3551603,Serra Negra
71358,SERTÃOZINHO,3551702,Sertãozinho
71374,SETE BARRAS,3551801,Sete Barras
71390,SEVERÍNIA,3551900,Severínia
71412,SILVEIRAS,3552007,Silveiras
71439,SOCORRO,3552106,Socorro
71455,SOROCABA,3552205,Sorocaba
71471,SUD MENNUCCI,3552304,Sud Mennucci
71498,SUMARÉ,3552403,Sumaré
71510,SUZANO,3552502,Suzano
71536,TABAPUÃ,3552601,Tabapuã
71552,TABATINGA,3552700,Tabatinga
71579,TABOÃO DA SERRA,3552809,Taboão da Serra
71595,TACIBA,3552908,Taciba
71617,TAGUAÍ,3553005,Taguaí
71633,TAIAÇU,3553104,Taiaçu
71650,TAIÚVA,3553203,Taiúva
71676,TAMBAÚ,3553302,Tambaú
71692,TANABI,3553401,Tanabi
71714,TAPIRAÍ,3553500,Tapiraí
71730,TAPIRATIBA,3553609,Tapiratiba
71757,TAQUARITINGA,3553708,Taquaritinga
71773,TAQUARITUBA,3553807,Taquarituba
71790,TARABAI,3553906,Tarabai
71811,TATUÍ,3554003,Tatuí
71838,TAUBATÉ,3554102,Taubaté
71854,TEJUPÁ,3554201,Tejupá
71870,TEODORO SAMPAIO,3554300,Teodoro Sampaio
71897,TERRA ROXA,3554409,Terra Roxa
71919,TIETÊ,3554508,Tietê
71935,TIMBURI,3554607,Timburi
71951,TORRINHA,3554706,Torrinha
71978,TREMEMBÉ,3554805,Tremembé
71994,TRÊS FRONTEIRAS,3554904,Três Fronteiras
72010,TUPÃ,3555000,Tupã
72036,TUPI PAULISTA,3555109,Tupi Paulista
72052,TURIÚBA,3555208,Turiúba
72079,TURMALINA,3555307,Turmalina
72095,UBATUBA,3555406,Ubatuba
72117,UBIRAJARA,3555505,Ubirajara
72133,UCHOA,3555604,Uchoa
72150,UNIÃO PAULISTA,3555703,União Paulista
72176,URÂNIA,3555802,Urânia
72192,URU,3555901,Uru
72214,URUPÊS,3556008,Urupês
72230,VALENTIM GENTIL,3556107,Valentim Gentil
72257,VALINHOS,3556206,Valinhos
72273,VALPARAÍSO,3556305,Valparaíso
72311,VARGEM GRANDE DO SUL,3556404,Vargem Grande do Sul
72338,VÁRZEA PAULISTA,3556503,Várzea Paulista
72354,VERA CRUZ,3556602,Vera Cruz
72370,VINHEDO,3556701,Vinhedo
72397,VIRADOURO,3556800,Viradouro
72419,VISTA ALEGRE DO ALTO,3556909,Vista Alegre do Alto
72435,VOTORANTIM,3557006,Votorantim
72451,VOTUPORANGA,3557105,Votuporanga
72737,VARGEM GRANDE PAULISTA,3556453,Vargem Grande Paulista
